timestep,imu0_w,imu0_x,imu0_y,imu0_z,imu1_w,imu1_x,imu1_y,imu1_z,imu2_w,imu2_x,imu2_y,imu2_z,imu3_w,imu3_x,imu3_y,imu3_z,imu4_w,imu4_x,imu4_y,imu4_z,imu5_w,imu5_x,imu5_y,imu5_z
0,0.8077392578125,-0.0306396484375,-0.58807373046875,0.02728271484375,0.86572265625,-0.06317138671875,-0.3511962890625,-0.35089111328125,-0.0927734375,-0.10369873046875,0.98883056640625,-0.0523681640625,0.0279541015625,-0.11285400390625,0.99151611328125,-0.0572509765625,0.0255126953125,-0.31280517578125,0.88427734375,0.34564208984375,-0.05804443359375,-0.169921875,0.98284912109375,0.04144287109375
1,0.80780029296875,-0.03057861328125,-0.58795166015625,0.0272216796875,0.86572265625,-0.0631103515625,-0.351318359375,-0.350830078125,-0.09283447265625,-0.10382080078125,0.98883056640625,-0.0523681640625,0.02813720703125,-0.1129150390625,0.99151611328125,-0.05731201171875,0.02557373046875,-0.31292724609375,0.88421630859375,0.3455810546875,-0.05792236328125,-0.1700439453125,0.98284912109375,0.0413818359375
2,0.80780029296875,-0.03057861328125,-0.58795166015625,0.0272216796875,0.86572265625,-0.06317138671875,-0.35107421875,-0.35089111328125,-0.09283447265625,-0.10382080078125,0.98883056640625,-0.0523681640625,0.0279541015625,-0.11297607421875,0.99151611328125,-0.0572509765625,0.025390625,-0.31298828125,0.88421630859375,0.34564208984375,-0.05792236328125,-0.1700439453125,0.98284912109375,0.0413818359375
3,0.80780029296875,-0.03057861328125,-0.58795166015625,0.0272216796875,0.86572265625,-0.06317138671875,-0.35107421875,-0.35089111328125,-0.09283447265625,-0.10382080078125,0.98883056640625,-0.0523681640625,0.0279541015625,-0.11297607421875,0.99151611328125,-0.0572509765625,0.025390625,-0.31298828125,0.88421630859375,0.34564208984375,-0.05792236328125,-0.1700439453125,0.98284912109375,0.0413818359375
4,0.80780029296875,-0.03057861328125,-0.58795166015625,0.0272216796875,0.86572265625,-0.06317138671875,-0.35107421875,-0.35089111328125,-0.09283447265625,-0.10382080078125,0.98883056640625,-0.0523681640625,0.0279541015625,-0.11297607421875,0.99151611328125,-0.0572509765625,0.025390625,-0.31298828125,0.88421630859375,0.34564208984375,-0.05792236328125,-0.1700439453125,0.98284912109375,0.0413818359375
5,0.80780029296875,-0.03057861328125,-0.58795166015625,0.0272216796875,0.86572265625,-0.06317138671875,-0.35107421875,-0.35089111328125,-0.09283447265625,-0.10382080078125,0.98883056640625,-0.0523681640625,0.0279541015625,-0.11297607421875,0.99151611328125,-0.0572509765625,0.025390625,-0.31298828125,0.88421630859375,0.34564208984375,-0.05792236328125,-0.1700439453125,0.98284912109375,0.0413818359375
6,0.80780029296875,-0.03057861328125,-0.58795166015625,0.0272216796875,0.86572265625,-0.06317138671875,-0.35107421875,-0.35089111328125,-0.09283447265625,-0.10382080078125,0.98883056640625,-0.0523681640625,0.0279541015625,-0.11297607421875,0.99151611328125,-0.0572509765625,0.025390625,-0.31298828125,0.88421630859375,0.34564208984375,-0.0579833984375,-0.169921875,0.98284912109375,0.04144287109375
7,0.807861328125,-0.03045654296875,-0.587890625,0.02716064453125,0.86578369140625,-0.0631103515625,-0.3511962890625,-0.35076904296875,-0.09283447265625,-0.10394287109375,0.98883056640625,-0.052490234375,0.02801513671875,-0.11309814453125,0.99151611328125,-0.05731201171875,0.025390625,-0.31317138671875,0.8841552734375,0.3455810546875,-0.057861328125,-0.16998291015625,0.98284912109375,0.0413818359375
8,0.807861328125,-0.03045654296875,-0.587890625,0.02716064453125,0.86566162109375,-0.06304931640625,-0.351318359375,-0.35089111328125,-0.09283447265625,-0.10394287109375,0.98883056640625,-0.052490234375,0.0279541015625,-0.11309814453125,0.99151611328125,-0.05731201171875,0.02532958984375,-0.31317138671875,0.8841552734375,0.3455810546875,-0.057861328125,-0.16998291015625,0.98284912109375,0.0413818359375
9,0.807861328125,-0.03045654296875,-0.587890625,0.02716064453125,0.86566162109375,-0.06304931640625,-0.351318359375,-0.35089111328125,-0.09283447265625,-0.10394287109375,0.98883056640625,-0.052490234375,0.0279541015625,-0.11309814453125,0.99151611328125,-0.05731201171875,0.02532958984375,-0.31317138671875,0.8841552734375,0.3455810546875,-0.057861328125,-0.16998291015625,0.98284912109375,0.0413818359375
